eid,ename,gender
1,Darleen,Female
2,Abigael,Female
3,Gigi,Female
4,Jakob,Male
5,Yard,Male
6,Augusto,Male
7,Donia,Polygender
8,Perceval,Male
9,Anallise,Female
10,Shane,Male
11,Shir,Female
12,Bartlett,Male
13,Briggs,Male
14,Randy,Male
15,Stesha,Female
16,Nobe,Male
17,Aloysius,Male
18,Haslett,Male
19,Hart,Male
20,Fallon,Female
21,Fawnia,Non-binary
22,Neda,Female
23,Keefer,Male
24,Claybourne,Polygender
25,Humbert,Male
26,Brandais,Non-binary
27,Care,Male
28,Rochella,Female
29,Rudolfo,Male
30,Bryanty,Polygender
31,Cyndie,Female
32,Huntley,Male
33,Neely,Female
34,Floyd,Male
35,Mirelle,Female
36,Britt,Male
37,Cristabel,Female
38,Hedvig,Female
39,Shayna,Female
40,Tansy,Female
41,Harriet,Female
42,Marj,Non-binary
43,Gavan,Male
44,Abba,Male
45,Pennie,Female
46,Datha,Female
47,Deane,Male
48,Tory,Female
49,Kearney,Male
50,Noelyn,Bigender
51,Lyssa,Female
52,Asher,Male
53,Steward,Male
54,Royal,Male
55,Sharyl,Female
56,Kelsi,Female
57,Erskine,Male
58,Willyt,Female
59,Yvor,Male
60,Thomas,Male
61,Beaufort,Male
62,Annnora,Female
63,Borg,Male
64,Amandy,Female
65,Kaylil,Female
66,Eldredge,Male
67,Gilbert,Male
68,Vasilis,Agender
69,Joya,Female
70,Irene,Female
71,Pierre,Male
72,Filbert,Male
73,Hillyer,Bigender
74,Dareen,Genderqueer
75,Maurizia,Female
76,Carmel,Female
77,Yoshi,Female
78,Nico,Male
79,Donica,Bigender
80,Grazia,Female
81,Bettye,Female
82,Iain,Male
83,Andria,Female
84,Kevan,Male
85,Alva,Male
86,Kirsten,Female
87,Christy,Genderqueer
88,Jinny,Female
89,Isadora,Female
90,Tore,Non-binary
91,Gardie,Male
92,Davidde,Male
93,Jacquelynn,Female
94,Raynor,Male
95,Yvor,Male
96,Lizzy,Female
97,Gweneth,Female
98,Franzen,Male
99,Winslow,Male
100,Kally,Female
